"País","Puntuación","Proceso electoraly pluralismo","Funcionamientodel gobierno","Participaciónpolítica","Culturapolítica","Derechosciviles","Alfabetizacion","Desempleo","Gasto Publico","Maestros Capacitados","Poblacion Activa","2018_pbi","2018_infl","2018_med","DensidadPob","PobUrbana","PobRural","CrecimientoPobUrb"
"Afganistán",2.97,2.92,1.14,4.44,2.5,3.82,43.01972,11.0570001602173,NA,11.0570001602173,5.10571885003157e-317,0.617756235746,-0.559824440560746,NA,56.937760009803,25.495,74.505,3.35038297624495
"Albania",5.98,7,4.71,5.56,5,7.65,98.14115,12.3400001525879,2.46866,12.3400001525879,6.51189390662971e-318,1.35940039453163,4.32839557846701,NA,104.612262773723,60.319,39.681,1.31716210445698
"Alemania",8.68,9.58,8.57,8.33,7.5,9.41,NA,3.3840000629425,NA,3.3840000629425,2.15215672198382e-316,1.51202554251684,1.22278723255135,NA,237.30759674834,77.312,22.688,0.366515155973305
"Angola",3.62,1.75,2.86,5.56,5,2.94,NA,7.01900005340576,NA,7.01900005340576,6.27734414631692e-317,29.0658847207699,-5.16205036467497,NA,24.7130520574316,65.514,34.486,4.31179134171658
"Arabia Saudita",1.96,0,2.86,2.22,3.13,1.47,NA,6.03999996185303,NA,6.03999996185303,6.92659729371384e-317,11.5084829770386,0.607923524115989,2.6117,15.6766543082956,83.844,16.156,2.06400437868026
"Argelia",3.5,2.58,2.21,3.89,5,4.12,81.40784,11.8819999694824,NA,11.8819999694824,6.01448788295694e-317,7.55658500081616,-0.615183263534163,1.7193,17.7300750711665,72.629,27.371,2.80499567674668
"Argentina",7.02,9.17,5.36,6.11,6.25,8.24,99.00387,9.22000026702881,NA,9.22000026702881,1.01538800404539e-316,40.7027906889545,-3.46737624314432,NA,16.2585100979651,91.87,8.13,1.14760215897919
"Armenia",4.79,5.67,4.64,5.56,2.5,5.59,NA,17.496000289917,NA,17.496000289917,6.43813484636207e-318,2.7877095139188,4.95169918042562,NA,103.680224798033,63.149,36.851,0.309165596528027
"Australia",9.1,10,8.93,7.78,8.75,10,NA,5.2979998588562,NA,5.2979998588562,6.54857482237391e-317,1.89461830647863,1.37114449535596,NA,3.24787091037205,86.012,13.988,1.66174925937128
"Austria",8.29,9.58,7.86,8.33,6.88,9.12,NA,4.84800004959106,NA,4.84800004959106,2.27330127249814e-317,1.70225038320027,1.92211865205813,NA,107.127966860564,58.297,41.703,0.835905515118155
"Azerbaiyán",2.65,0.5,2.14,3.33,3.75,3.53,NA,4.90000009536743,NA,4.90000009536743,2.51531389439137e-317,12.1844329641445,0.624884409708642,NA,120.23431716463,55.68,44.32,1.47340015238086
"Bélgica",7.78,9.58,8.93,5,6.88,8.53,NA,5.94799995422363,NA,5.94799995422363,2.51467160905178e-317,1.5335694355189,1.02672843817844,NA,377.379590488771,98.001,1.999,0.496003003468172
"Bolivia",5.7,7.5,4.64,5.56,3.75,7.06,NA,3.53399991989136,NA,3.53399991989136,2.78244184932529e-317,3.05626671196583,2.75215380976242,NA,10.4801458506416,69.425,30.575,1.92007368157467
"Bosnia y Herzegovina",4.98,6.5,2.93,5.56,3.75,6.18,NA,18.3999996185303,NA,18.3999996185303,6.5201398622588e-318,2.77116724654772,4.5773886040386,NA,64.92048828125,48.245,51.755,-0.0590360925903149
"Brasil",6.97,9.58,5.36,6.67,5,8.24,93.2275,12.3339996337891,NA,12.3339996337891,5.21447910166067e-316,3.28543989750865,0.526155826049262,2.1643,25.0617162430876,86.569,13.431,1.08463813215672
"Bulgaria",7.03,9.17,6.43,7.22,4.38,7.94,NA,5.21099996566772,NA,5.21099996566772,1.64405976002037e-317,4.01228802924223,3.83123442190116,NA,64.7110998526161,75.008,24.992,-0.269102082353336
"Burkina Faso",4.75,4.42,4.29,4.44,5.63,5,41.22445,6.0939998626709,6.03609,6.0939998626709,3.57616028563184e-317,2.37753650415873,3.80050234414495,NA,72.1912828947368,29.358,70.642,4.98415981781227
"Burundi",2.33,0,0.43,3.89,5,2.35,NA,1.44799995422363,5.01084,1.44799995422363,2.38256883073239e-317,-2.85085706573125,-1.55740735383216,NA,435.178271028037,13.032,86.968,5.70008634067739
"Cabo Verde",7.88,9.17,7.86,6.67,6.88,8.82,NA,12.1700000762939,NA,12.1700000762939,1.1531689800193e-318,1.52382748029073,3.32584693784742,NA,134.929776674938,65.732,34.268,1.87888979052915
"Camboya",3.59,1.33,5,2.78,5.63,3.24,NA,0.65200001001358,2.16286,0.65200001001358,4.54106653943463e-317,3.11182136781865,5.87937290489108,NA,92.0564128710628,23.388,76.612,3.25025074021303
"Camerún",3.28,3.17,2.86,3.33,4.38,2.65,77.07104,3.35700011253357,3.14529,3.35700011253357,5.44640478051527e-317,1.59928885997273,1.37919198196641,NA,53.3439889149796,56.374,43.626,3.67693315164019
"Canadá",9.18,9.58,9.64,7.78,8.75,10,NA,5.83099985122681,NA,5.83099985122681,1.00517250512572e-316,1.81459782668129,0.597463557030892,NA,4.07518823864492,81.411,18.589,1.47290288037893
"Chad",1.61,0,0,1.67,3.75,2.65,NA,1.83800005912781,2.24185,1.83800005912781,2.86008475963489e-317,5.0146577780751,-0.674995563522558,NA,12.2917336404066,23.059,76.941,3.89908834293785
"Chile",7.97,9.58,8.57,4.44,8.13,9.12,NA,7.23299980163574,NA,7.23299980163574,4.63983619082604e-317,2.36047931576597,2.51338504277558,2.5912,25.1894460666519,87.564,12.436,1.47555844683509
"China",2.26,0,5,3.89,6.25,1.47,96.84089,4.27600002288818,NA,4.27600002288818,3.87062950732329e-315,3.49796591201293,6.26604182706623,NA,148.348833270666,59.152,40.848,2.49162820140588
"Chipre",7.59,9.17,6.43,6.67,6.88,8.82,NA,8.36999988555908,NA,8.36999988555908,3.09143297456264e-318,1.36762213175116,2.79501433288559,NA,128.708333333333,66.81,33.19,0.77031383453709
"Colombia",6.96,9.17,6.79,5,5.63,8.24,95.09251,9.11100006103516,4.50259,9.11100006103516,1.29588819152996e-316,4.48347809655093,0.971629907629179,2.1848,44.7487021180712,80.778,19.222,1.92912026786277
"Comoras",3.71,4.33,2.21,4.44,3.75,3.82,58.81702,4.30200004577637,NA,4.30200004577637,1.07301671029448e-318,1.16280654817258,1.14050990405651,NA,447.244477540227,28.965,71.035,2.8658559669186
"Costa Rica",8.07,9.58,7.5,6.67,7.5,9.12,97.86379,9.63199996948242,7.02824,9.63199996948242,1.20841441240598e-317,2.54095145370013,1.64419088626954,2.8939,97.9130630630631,79.34,20.66,1.98274148495537
"Croacia",6.57,9.17,6.07,5.56,5,7.06,NA,8.43200016021729,NA,8.43200016021729,8.8671443656066e-318,1.77118185114836,3.6163642431529,NA,73.0493745532523,56.947,43.053,-0.400587697691305
"Cuba",3,1.08,3.57,3.33,4.38,2.65,NA,1.70000004768372,NA,1.70000004768372,2.51918440466089e-317,1.00407709893717,2.2585896849249,8.4218,108.999596231494,77.037,22.963,0.068028841812254
"Dinamarca",9.21,10,9.29,8.33,9.38,9.12,NA,4.97499990463257,NA,4.97499990463257,1.48948737019377e-317,0.845682604608839,1.88489021571982,NA,137.976565849012,87.874,12.126,0.629088602704045
"Ecuador",6.27,8.75,5.36,6.11,4.38,7.65,NA,3.52999997138977,NA,3.52999997138977,4.13291545094565e-317,1.81887357109558,-0.483387784029688,NA,68.7886817522951,63.821,36.179,2.00248962909365
"El Salvador",5.96,9.17,4.29,5.56,3.75,7.06,89.0086,4.00600004196167,3.60075,4.00600004196167,1.3621829574268e-317,2.0751836888099,1.91053750875901,NA,309.881467181467,72.023,27.977,1.55334406830393
"Emiratos Árabes Unidos",2.76,0,3.93,2.22,5,2.65,NA,2.22900009155273,NA,2.22900009155273,3.3364119665935e-317,8.20653728779584,-0.320549385279065,2.5278,135.609110109828,86.522,13.478,1.82107565694154
"Eritrea",2.37,0,2.14,1.67,6.88,1.18,76.57052,5.10400009155273,NA,5.10400009155273,7.7845674850651e-318,NA,NA,NA,NA,40.08,59.92,2.74397622029314
"Eslovenia",7.5,9.58,6.79,6.67,6.25,8.24,NA,5.10799980163574,NA,5.10799980163574,5.12628186221148e-318,2.22858811825321,3.74138502997641,NA,102.96366052404,54.541,45.459,0.855189455705699
"España",8.08,9.17,7.14,7.78,7.5,8.82,98.4365,15.2550001144409,NA,15.2550001144409,1.13956424017572e-316,1.09310637486971,1.90370838533138,NA,93.6771974435832,80.321,19.679,0.738481167271324
"Estados Unidos",7.96,9.17,7.14,7.78,7.5,8.24,NA,3.89599990844727,NA,3.89599990844727,8.1759473669863e-316,2.3596919352368,2.39109654413916,NA,35.7136220923495,82.256,17.744,0.763339371824656
"Estonia",7.97,9.58,8.21,6.67,6.88,8.53,NA,5.36600017547607,NA,5.36600017547607,3.48719437885085e-318,4.5287975063782,4.39718239266693,4.4833,30.4112491373361,68.88,31.12,0.58496349021078
"Etiopía",3.35,0,3.57,5.56,5,2.65,NA,2.07500004768372,NA,2.07500004768372,2.54011312423185e-316,12.3822948123876,4.05389404381921,0.0769,109.224559,20.763,79.237,4.82593017790277
"Filipinas",6.71,9.17,5.71,7.22,4.38,7.06,NA,2.33800005912781,NA,2.33800005912781,2.16720032920778e-316,3.74065382988688,4.86713156620144,NA,357.688305329175,46.907,53.093,1.87696104447929
"Finlandia",9.25,10,8.93,8.33,8.75,9.71,NA,7.36100006103516,NA,7.36100006103516,1.35509212727768e-317,1.78724593225657,1.49536765647009,NA,18.1485472672831,85.382,14.618,0.199422968266274
"Francia",7.8,9.58,7.5,7.78,5.63,8.53,NA,9.05900001525879,NA,9.05900001525879,1.50155566469191e-316,0.951860489887494,1.63852670152079,3.2672,122.299437237519,80.444,19.556,0.480451975332608
"Gabón",3.61,2.58,2.21,4.44,5,3.82,84.66716,19.806999206543,NA,19.806999206543,3.47083092466059e-318,7.14685932251797,-1.75503918821659,NA,8.22476423332169,89.37,10.63,3.04478422807304
"Gambia",4.31,4.48,4.29,3.33,5.63,3.82,NA,9.02700042724609,2.43275,9.02700042724609,3.71872342180498e-318,5.20261483114773,3.45318886171901,NA,225.30652173913,61.27,38.73,4.0478524176413
"Georgia",5.5,7.83,3.57,6.11,4.38,5,NA,13.7849998474121,NA,13.7849998474121,1.00833363594094e-317,4.33422522782958,4.91088036824362,7.1201,65.197330207495,58.632,41.368,0.647230647092237
"Ghana",6.63,8.33,5.71,6.67,6.25,6.18,79.03964,4.15700006484985,3.98944,4.15700006484985,6.23091580944592e-317,10.2102029177803,3.95866714679696,NA,130.821429199262,56.06,43.94,3.36449369189313
"Grecia",7.29,9.58,5.36,6.11,6.88,8.53,97.93595,19.2919998168945,NA,19.2919998168945,2.37366230933481e-317,0.549763603926422,2.14138550253047,NA,83.2651823118697,79.058,20.942,0.220496953517559
"Guatemala",5.6,7.92,5.36,3.89,4.38,6.47,NA,2.40199995040894,2.92707,2.40199995040894,3.30061542835536e-317,1.22859662060773,1.57621700497243,0.3549,152.547125793206,51.054,48.946,2.33564723328312
"Guinea",3.14,3.5,0.43,4.44,4.38,2.94,NA,4.24700021743774,2.57251,4.24700021743774,2.11743937133589e-317,10.2764134263479,3.21509688980272,NA,50.5222122741332,36.14,63.86,3.79794652024178
"Guinea Ecuatorial",1.92,0,0.43,3.33,4.38,1.47,NA,6.38299989700317,NA,6.38299989700317,2.51180998083106e-318,11.1733402242711,-9.71677536516935,NA,46.6657397504456,72.143,27.857,4.34581444152726
"Guyana",6.67,9.17,5.71,6.11,5,7.35,NA,11.9060001373291,5.88842,11.9060001373291,1.55143529713193e-318,5.41875431794124,3.59447101901753,0.8023,3.95734823469647,26.606,73.394,0.742878546557036
"Haití",4.91,5.58,2.93,3.89,6.25,5.88,NA,13.5920000076294,2.78047,13.5920000076294,2.45811937303185e-317,12.7899934124778,0.199179706745653,0.2343,403.59854862119,55.278,44.722,2.97438496504292
"Honduras",5.63,8.5,4.64,4.44,4.38,6.18,87.20524,5.64799976348877,6.0812,5.64799976348877,2.22314916285444e-317,1.90807980253712,1.98232777609925,NA,85.6870319063366,57.096,42.904,2.79258669978111
"Hungría",6.63,8.75,6.07,5,6.25,7.06,NA,3.70799994468689,NA,3.70799994468689,2.33785786604634e-317,4.52869119976292,5.22733255137207,3.4075,107.981486799956,71.351,28.649,0.279085901553299
"India",6.9,9.17,6.79,7.22,5.63,7.35,74.37299,5.32999992370605,NA,5.32999992370605,2.40917288731779e-315,4.55554436261933,5.02447333113413,0.8571,454.938072575247,34.03,65.97,2.30896547809895
"Indonesia",6.5,7.95,7.15,6.7,5.65,5.6,95.65856,4.51100015640259,NA,4.51100015640259,6.55809917286161e-316,3.81974052399639,3.98405714717092,0.4269,147.75219008926,55.325,44.675,2.34486951482515
"Irlanda",9.23,9.58,7.86,8.33,10,10,NA,5.73999977111816,NA,5.73999977111816,1.17862126583046e-317,0.818947196760206,6.83804780403608,3.3125,70.6534475250399,63.17,36.83,1.5925156797727
"Islandia",9.58,10,9.29,8.89,10,9.71,NA,2.7039999961853,NA,2.7039999961853,1.05186081933956e-318,2.62444781818934,1.07102454950866,4.0778,3.51841396508728,93.813,6.187,2.72089370362867
"Israel",7.79,9.17,7.5,8.89,7.5,5.88,NA,3.99799990653992,NA,3.99799990653992,2.02706340120167e-317,1.15142608017476,1.47961747988643,4.6249,410.480591497227,92.418,7.58199999999999,2.01538441058595
"Italia",7.71,9.58,6.07,7.78,6.88,8.24,99.15576,10.6099996566772,NA,10.6099996566772,1.28626354571615e-316,0.897785763353639,0.989882105751775,3.9774,205.418372203713,70.438,29.562,0.228197851468404
"Jamaica",7.02,8.75,7.14,4.44,6.25,8.53,NA,9.10400009155273,5.40731,9.10400009155273,7.27947923466513e-318,4.84687622078744,1.45452492809596,NA,270.993074792244,55.674,44.326,1.01130784740472
"Japón",7.99,8.75,8.21,6.67,7.5,8.82,NA,2.40000009536743,NA,2.40000009536743,3.37735222227049e-316,-0.0979218330334817,0.526738907751749,NA,347.073458415624,91.616,8.384,-0.114218709913591
"Jordania",3.93,3.58,4.29,3.89,4.38,3.53,98.22711,14.9589996337891,3.58851,14.9589996337891,1.27452039581954e-317,1.76506156195033,0.129635568275077,NA,112.14249831043,90.979,9.021,2.04748515667235
"Kirguistán",5.11,6.58,2.93,6.67,4.38,5,99.586,5.96000003814697,NA,5.96000003814697,1.26723490380596e-317,3.44744513413195,1.7132090986445,NA,32.9655891553702,36.351,63.649,2.58628057143274
"Kuwait",3.85,3.17,4.29,3.89,4.38,3.53,96.05647,2.07599997520447,NA,2.07599997520447,1.1774814563855e-317,14.5902471461894,-0.741130963542489,NA,232.172390572391,100,0,1.98246273293475
"Letonia",7.38,9.58,6.07,5.56,6.88,8.82,99.88931,7.41200017929077,NA,7.41200017929077,4.94177304677207e-318,3.97185213383612,5.10052185430818,NA,30.9934705693149,68.142,31.858,-0.680734206500191
"Líbano",4.63,3.92,2.21,6.67,5.63,4.71,95.06944,6.14300012588501,NA,6.14300012588501,1.17661782963657e-317,5.45761428937841,-2.45697312280303,2.1038,669.494134897361,88.593,11.407,0.727747260731819
"Liberia",5.35,7.42,2.57,5.56,5.63,5.59,NA,2.93199992179871,2.58412,2.93199992179871,1.06989965013487e-317,-1.8529281095025,-1.22975996453044,NA,50.0309073920266,51.151,48.849,3.34403640334755
"Libia",2.19,1,0.36,1.67,5,2.94,NA,18.4680004119873,NA,18.4680004119873,1.17617366462096e-317,18.123645213763,13.4460700068869,NA,3.79563238119054,80.102,19.898,1.83231214599096
"Lituania",7.5,9.58,6.43,6.11,6.25,9.12,NA,6.14699983596802,NA,6.14699983596802,7.27591208070216e-318,3.31977875575407,4.63845827413193,6.3528,44.7230757742448,67.679,32.321,-0.713094844211595
"Luxemburgo",8.81,10,8.93,6.67,8.75,9.71,NA,5.58500003814697,NA,5.58500003814697,1.49564046374708e-318,2.51183599840827,1.14105379601197,NA,250.185185185185,90.981,9.01900000000001,2.20836515702366
"Macedonia del Norte",5.87,6.5,5.36,6.67,3.75,7.06,NA,20.7360000610352,NA,20.7360000610352,4.74235827079762e-318,3.64355051878529,2.67270630281698,NA,82.5915146708961,57.963,42.037,0.417819582823749
"Madagascar",5.22,6.08,3.57,6.11,5.63,4.71,74.80432,1.68900001049042,3.23481,1.68900001049042,6.62502604634573e-317,7.58254319797314,1.81023889935288,NA,45.1398556204881,37.191,62.809,4.48480404056497
"Malasia",6.88,7.75,7.86,6.67,6.25,5.88,94.85441,3.34999990463257,4.53477,3.34999990463257,7.59948851787038e-317,0.71190565562911,3.3345011012496,NA,95.9628214883579,76.036,23.964,2.13016306751883
"Malí",5.41,7.42,3.93,3.89,5.63,6.18,35.47377,7.1100001335144,NA,7.1100001335144,3.50129797677704e-317,2.08703872925946,1.54965784177431,0.1286,15.635015858186,42.356,57.644,4.87623694042438
"Malta",8.21,9.17,8.21,6.11,8.75,8.82,94.50319,3.71600008010864,NA,3.71600008010864,1.16391490781635e-318,2.11847905197573,3.631532173756,NA,1514.46875,94.612,5.38800000000001,3.56178437178253
"Marruecos",4.99,5.25,4.64,5,5.63,4.41,73.75001,9.07800006866455,NA,9.07800006866455,5.88842110463279e-317,1.0660233458723,1.68827508535729,NA,80.7285189334528,62.453,37.547,2.12728534350062
"Mauricio",8.22,9.17,8.21,5.56,8.75,9.41,91.32539,6.65700006484985,4.83459,6.65700006484985,3.00763944102796e-318,1.44598261781033,3.70333531398892,2.5331,623.30197044335,40.793,59.207,-0.0631393851909479
"Mauritania",3.82,3,3.57,5,3.13,4.41,NA,9.46399974822998,NA,9.46399974822998,5.97892553183493e-318,1.80833187829799,-0.684871982415757,0.1865,4.27216357815077,53.672,46.328,4.37299545808061
"México",6.19,8.33,6.07,7.22,3.13,6.18,95.37991,3.28299999237061,NA,3.28299999237061,2.77927059016433e-316,4.96688092532254,0.991932458168463,NA,64.9146264050001,80.156,19.844,1.48761995074654
"Mongolia",6.5,9.17,5.71,5.56,5,7.06,98.42312,6.25400018692017,NA,6.25400018692017,6.51846003906294e-318,8.41183491671578,5.33766339058026,NA,2.04060866654651,68.445,31.555,1.91587989993137
"Montenegro",5.74,6.08,5.36,6.11,4.38,6.76,98.84718,15.1750001907349,NA,15.1750001907349,1.36864088948359e-318,3.22610779577788,5.10254298166686,2.7557,46.2622304832714,66.813,33.187,0.480793341517984
"Mozambique",3.85,3.58,2.14,5,5,3.53,NA,3.23699998855591,5.59847,3.23699998855591,6.31041788878082e-317,2.12405394187584,0.458309215545086,0.0838,37.508535313716,35.988,64.012,4.40559134724532
"Namibia",6.25,5.67,5.36,6.67,5.63,7.94,91.52727,19.8770008087158,NA,19.8770008087158,4.50339848053005e-318,4.29891523035953,-1.17932334516826,0.4182,2.97374558175127,50.032,49.968,3.95629680059715
"Nepal",5.18,4.33,5.36,5,5.63,5.59,67.90843,1.35000002384186,5.16365,1.35000002384186,8.08266051028648e-317,6.70063545527202,4.95069677873525,0.7486,195.939107080572,19.74,80.26,3.72181839256581
"Nicaragua",3.63,2.67,1.86,3.89,5.63,4.12,NA,5.19999980926514,NA,5.19999980926514,1.47844500300922e-317,3.59246623097648,-5.14914016579304,0.9775,53.7270483629716,58.522,41.478,1.63714154226712
"Níger",3.76,5.25,1.14,3.33,4.38,4.71,NA,0.470999985933304,4.9198,0.470999985933304,4.00745489116896e-317,2.60930700797684,2.99730023923095,NA,17.7176505881424,16.425,83.575,4.27453510164545
"Nigeria",4.44,6.08,4.64,3.33,3.75,4.41,62.01601,8.24300003051758,NA,8.24300003051758,2.88553166013051e-316,10.2284850900327,-0.679719293893655,0.3806,215.064988965381,50.344,49.656,4.2388468031755
"Noruega",9.87,10,9.64,10,10,9.71,NA,3.79999995231628,NA,3.79999995231628,1.38336305759836e-317,5.78159199736361,0.623147013717045,2.9164,14.5482916341657,82.248,17.752,1.11953281162056
"Omán",3.04,0,3.93,2.78,4.38,4.12,95.65153,2.86400008201599,NA,2.86400008201599,1.33474946837582e-317,10.3423703651869,-1.68277807762448,2.0031,15.6041453957997,84.539,15.461,4.60993724709811
"Países Bajos",8.89,9.58,9.29,8.33,8.13,9.12,NA,3.82999992370605,NA,3.82999992370605,4.55920862994992e-317,2.20778826560264,2.00009858507431,NA,511.475927574948,91.49,8.51,1.03637503912155
"Pakistán",4.25,6.08,5.36,2.22,2.5,4.71,NA,4.08300018310547,NA,4.08300018310547,3.55929066118741e-316,2.45928609500187,3.68276203552507,0.9801,275.289318700706,36.666,63.334,2.66867436174866
"Panamá",7.05,9.58,6.07,6.67,5,7.94,95.41181,3.89400005340576,NA,3.89400005340576,1.00285543605985e-317,0.948617363108809,1.95179809298511,NA,56.1860774818402,67.709,32.291,2.20194448885616
"Paraguay",6.24,8.75,5.71,5,4.38,7.35,94.0208,4.53399991989136,NA,4.53399991989136,1.74647858027197e-317,2.18674624208246,2.02947951100916,1.3544,17.5083589227284,61.585,38.415,1.751686209917
"Perú",6.6,9.17,5,5.56,5.63,7.65,94.40827,3.39000010490417,3.71993,3.39000010490417,9.06448060740899e-317,2.01623291258031,2.20561703131051,NA,24.99160625,77.907,22.093,1.95856462555465
"Polonia",6.62,9.17,6.07,6.11,4.38,7.65,NA,3.84500002861023,NA,3.84500002861023,9.08652038180433e-317,1.17943338717572,5.34923595322803,NA,124.023482151605,60.058,39.942,-0.0784280352345459
"Portugal",7.84,9.58,7.5,6.11,6.88,9.12,96.13759,6.99300003051758,NA,6.99300003051758,2.60251302242283e-317,1.58612975001257,2.80170349737396,NA,112.2619412173,65.211,34.789,0.700805447488415
"Reino Unido",8.53,9.58,7.5,8.33,8.13,9.12,NA,3.99600005149841,NA,3.99600005149841,1.69608946733796e-316,2.13684057763119,0.72852423953023,2.8117,274.708981936924,83.398,16.602,0.912161082441796
"República Centroafricana",1.32,1.25,0,1.11,1.88,2.35,37.39582,3.66400003433228,NA,3.66400003433228,9.24446723999202e-318,-1.22411715845705,2.22474284797838,NA,7.49041221227006,41.364,58.636,2.45173611360753
"República Checa",7.69,9.58,6.79,6.67,6.88,8.53,NA,2.24300003051758,NA,2.24300003051758,2.69428868053172e-317,2.55525021636672,2.50268690428224,4.1208,137.657705257705,73.792,26.208,0.493103393300873
"República Dominicana",6.54,9.17,5.36,6.11,5,7.06,NA,5.73899984359741,NA,5.73899984359741,2.42954755673285e-317,4.12148968696981,5.83455956577403,NA,219.97857586421,81.074,18.926,2.06676245726519
"Rumania",6.37,9.17,5.71,5,4.38,7.65,98.8445,4.18699979782104,NA,4.18699979782104,4.47370612334628e-317,6.29911462409109,5.05226642463357,NA,84.633801286509,53.998,46.002,-0.472652218056084
"Senegal",6.15,7.5,6.07,4.44,6.25,6.47,NA,6.52699995040894,4.65201,6.52699995040894,2.0365405684202e-317,-0.487444709665809,3.46093526161526,NA,82.3474783150678,47.192,52.808,3.74433871194062
"Serbia",6.4,8.25,5.36,6.11,5,7.35,NA,12.7329998016357,NA,12.7329998016357,1.6017035122024e-317,2.12356741811402,4.96414998873551,NA,79.8376857992225,56.092,43.908,-0.278572237020969
"Sierra Leona",4.66,6.58,1.86,3.33,6.25,5.29,43.20633,4.41699981689453,7.13846,4.41699981689453,1.29163038320067e-317,13.4260267912915,1.25932772139537,NA,105.987170961485,42.055,57.945,3.13795496287595
"Singapur",6.38,4.33,7.86,6.11,6.25,7.35,97.34486,4.01900005340576,NA,4.01900005340576,1.72616704750579e-317,3.08932962515523,2.95339703994944,NA,7952.9984184018,100,0,0.469704298714121
"Sri Lanka",6.19,7.83,5.71,5,6.25,6.18,91.70982,4.11899995803833,2.11189,4.11899995803833,4.39412400537675e-317,4.33820094071558,2.22901776687038,1.0041,345.558922022006,18.476,81.524,1.5475740945304
"Sudáfrica",7.24,7.42,7.5,8.33,5,7.94,NA,26.9200000762939,6.15899,26.9200000762939,1.13375506571849e-316,3.91653962575576,-0.572080196712221,NA,47.6301197767684,66.355,33.645,2.12166554916762
"Sudán",2.15,0,1.79,2.78,5,1.18,60.69718,16.8999996185303,NA,16.8999996185303,5.95614712929906e-317,23.9347802893319,-4.62984322829847,NA,NA,34.642,65.358,3.18053908883544
"Suecia",9.39,9.58,9.64,8.33,10,9.41,NA,6.34600019454956,NA,6.34600019454956,2.67357843678934e-317,2.39692033450507,0.772577449000039,NA,24.9814981218237,87.431,12.569,1.48815067487379
"Suiza",9.03,9.58,9.29,7.78,9.38,9.12,NA,4.71299982070923,NA,4.71299982070923,2.44758490533122e-317,0.230767974241402,1.99643916740311,NA,215.465350480429,73.797,26.203,0.785417652319277
"Tailandia",4.63,3,4.29,5,5,5.88,93.76776,0.765999972820282,NA,0.765999972820282,1.92230048649338e-316,1.46447905791358,3.82273796707413,0.805,135.897206835131,49.949,50.051,1.82633349063983
"Tayikistán",1.95,0.08,0.79,1.67,6.25,0.88,NA,11.1330003738403,NA,11.1330003738403,1.19214730101666e-317,4.84119974862607,4.69946434079498,NA,65.5727141724908,27.134,72.866,3.01521456211187
"Togo",3.1,3.17,0.79,3.33,5,3.24,NA,2.0789999961853,5.42885,2.0789999961853,1.77693426887856e-317,1.32842544443837,2.3752725065104,0.0774,145.046773303916,41.702,58.298,3.74927250235742
"Trinidad y Tobago",7.16,9.58,7.14,6.11,5.63,7.35,NA,2.5,NA,2.5,3.29834766704095e-318,6.05661988687804,-0.660494390281343,4.1675,270.927485380117,53.184,46.816,0.377615186799853
"Túnez",6.41,6.42,5.71,7.78,6.25,5.88,NA,15.4589996337891,NA,15.4589996337891,2.00673754053177e-317,6.47778433624735,1.49480936027844,NA,74.4413233779609,68.945,31.055,1.58627763614229
"Turkmenistán",1.72,0,0.79,2.22,5,0.59,NA,3.79999995231628,NA,3.79999995231628,1.29177218004102e-317,1.20023552957302,4.50761616187347,NA,12.4505947694337,51.593,48.407,2.46291758371658
"Turquía",4.37,4.5,5,5,5,2.35,NA,10.8900003433228,NA,10.8900003433228,1.62182230996014e-316,16.4387463942893,1.30556428320997,NA,106.960128893104,75.143,24.857,2.15672688777234
"Ucrania",5.69,6.17,3.21,6.67,6.25,6.18,NA,8.79899978637695,NA,8.79899978637695,1.00948031289837e-316,15.3979947622403,3.93289796855672,NA,77.0296708039151,69.352,30.648,-0.313465038476151
"Uganda",5.2,5.25,3.57,4.44,6.88,5.88,76.5275,1.74899995326996,2.52076,1.74899995326996,7.87315987821783e-317,4.08797641909101,2.27724053899796,NA,213.061734490325,23.774,76.226,6.18266030087073
"Uruguay",8.38,10,8.57,6.11,7.5,9.71,98.70386,8.33600044250488,NA,8.33600044250488,8.64556086410326e-318,5.55504296826201,1.24731253455232,NA,19.7080276539824,95.334,4.666,0.46615015300963
"Uzbekistán",2.01,0.08,1.86,2.22,5,0.88,99.99289,5.73600006103516,NA,5.73600006103516,7.55397568464113e-317,27.4703062659273,3.63067001451314,NA,77.4708509637988,50.478,49.522,1.59445249215377
"Venezuela",3.16,1.67,1.79,4.44,4.38,3.53,NA,7.21700000762939,NA,7.21700000762939,6.20265278417557e-317,NA,NA,NA,32.7307919052208,88.208,11.792,-1.75751576829078
"Zambia",5.61,6.17,4.64,3.89,6.88,6.47,86.74796,11.5,4.66738,11.5,3.52514850176438e-317,10.2409007457137,1.04819282575673,1.1867,23.3414789007116,43.521,56.479,4.17297037539389
